{"cameraMode":{"drawMode":0,"name":"Shaded","section":"Shading Mode"},"sceneLighting":true,"audioPlay":false,"sceneViewState":{"m_AlwaysRefresh":false,"showFog":true,"showSkybox":true,"showFlares":true,"showImageEffects":true,"showParticleSystems":true,"showVisualEffectGraphs":true,"m_FxEnabled":true},"in2DMode":false,"pivot":{"x":10.967836380004883,"y":-2.5080840587615969,"z":-8.876362800598145},"rotation":{"x":-0.026088573038578035,"y":-0.9594252705574036,"z":0.26430100202560427,"w":-0.09470680356025696},"size":14.68053150177002,"orthographic":false}